{"cameraMode":{"drawMode":0,"name":"Shaded","section":"Shading Mode"},"sceneLighting":true,"audioPlay":false,"sceneViewState":{"showFog":true,"showMaterialUpdate":false,"showSkybox":true,"showFlares":true,"showImageEffects":true,"showParticleSystems":true},"in2DMode":false,"pivot":{"x":1.3237848281860352,"y":4.622847557067871,"z":1.0980491638183594},"rotation":{"x":0.135986328125,"y":0.38968318700790408,"z":-0.058297429233789447,"w":0.9089863300323486},"size":15.440546989440918,"orthographic":false}